reward_detail_dicts,reward_detail_dict
,"{'delay': [True, -0.25, 1.0], 'flickering': [True, -5, 0], 'emergency': [False, 0.1667, 0], 'queue_length': [True, -0.25, 1], 'wait_time': [True, -0.25, 0.0], 'duration': [False, 1, 0], 'partial_duration': [False, 1, 0], 'num_of_vehicles_left': [True, 1, 0], 'duration_of_vehicles_left': [True, 1, 0], 'num_of_vehicles_in_system': [False, 0, 1], 'num_of_vehicles_at_entering': [False, 0, 1]}"
,"{'delay': [True, -0.25, 0.8473863106685616], 'flickering': [True, -5, 0], 'emergency': [False, 0.1667, 0.0], 'queue_length': [True, -0.25, 0], 'wait_time': [True, -0.25, 0.0], 'duration': [False, 1, 0.016666666666666666], 'partial_duration': [False, 1, 0.016666666666666666], 'num_of_vehicles_left': [True, 1, 0], 'duration_of_vehicles_left': [True, 1, 0], 'num_of_vehicles_in_system': [False, 0, 1], 'num_of_vehicles_at_entering': [False, 0, 1]}"
,"{'delay': [True, -0.25, 0.6668649974173166], 'flickering': [True, -5, 0], 'emergency': [False, 0.1667, 0.0], 'queue_length': [True, -0.25, 0], 'wait_time': [True, -0.25, 0.0], 'duration': [False, 1, 0.03333333333333333], 'partial_duration': [False, 1, 0.03333333333333333], 'num_of_vehicles_left': [True, 1, 0], 'duration_of_vehicles_left': [True, 1, 0], 'num_of_vehicles_in_system': [False, 0, 1], 'num_of_vehicles_at_entering': [False, 0, 1]}"
,"{'delay': [True, -0.25, 0.8804834312217102], 'flickering': [True, -5, 0], 'emergency': [False, 0.1667, 1.0], 'queue_length': [True, -0.25, 0], 'wait_time': [True, -0.25, 0.0], 'duration': [False, 1, 0.05], 'partial_duration': [False, 1, 0.05], 'num_of_vehicles_left': [True, 1, 0], 'duration_of_vehicles_left': [True, 1, 0], 'num_of_vehicles_in_system': [False, 0, 2], 'num_of_vehicles_at_entering': [False, 0, 1]}"
,"{'delay': [True, -0.25, 0.9788322341985768], 'flickering': [True, -5, 0], 'emergency': [False, 0.1667, 0.0], 'queue_length': [True, -0.25, 0], 'wait_time': [True, -0.25, 0.0], 'duration': [False, 1, 0.06666666666666667], 'partial_duration': [False, 1, 0.06666666666666667], 'num_of_vehicles_left': [True, 1, 1], 'duration_of_vehicles_left': [True, 1, 0.016666666666666666], 'num_of_vehicles_in_system': [False, 0, 2], 'num_of_vehicles_at_entering': [False, 0, 1]}"
,"{'delay': [True, -0.25, 0.9878776964312884], 'flickering': [True, -5, 0], 'emergency': [False, 0.1667, 0.5], 'queue_length': [True, -0.25, 0], 'wait_time': [True, -0.25, 0.0], 'duration': [False, 1, 0.08333333333333333], 'partial_duration': [False, 1, 0.08333333333333333], 'num_of_vehicles_left': [True, 1, 0], 'duration_of_vehicles_left': [True, 1, 0], 'num_of_vehicles_in_system': [False, 0, 3], 'num_of_vehicles_at_entering': [False, 0, 1]}"
,"{'delay': [True, -0.25, 0.9979689860826125], 'flickering': [True, -5, 0], 'emergency': [False, 0.1667, 0.0], 'queue_length': [True, -0.25, 1], 'wait_time': [True, -0.25, 0.016666666666666666], 'duration': [False, 1, 0.1], 'partial_duration': [False, 1, 0.1], 'num_of_vehicles_left': [True, 1, 1], 'duration_of_vehicles_left': [True, 1, 0.016666666666666666], 'num_of_vehicles_in_system': [False, 0, 3], 'num_of_vehicles_at_entering': [False, 0, 1]}"
,"{'delay': [True, -0.25, 0.9991756791708557], 'flickering': [True, -5, 0], 'emergency': [False, 0.1667, 0.0], 'queue_length': [True, -0.25, 1], 'wait_time': [True, -0.25, 0.03333333333333333], 'duration': [False, 1, 0.11666666666666667], 'partial_duration': [False, 1, 0.11666666666666667], 'num_of_vehicles_left': [True, 1, 0], 'duration_of_vehicles_left': [True, 1, 0], 'num_of_vehicles_in_system': [False, 0, 3], 'num_of_vehicles_at_entering': [False, 0, 1]}"
,"{'delay': [True, -0.25, 0.9994959562373518], 'flickering': [True, -5, 0], 'emergency': [False, 0.1667, 0.0], 'queue_length': [True, -0.25, 1], 'wait_time': [True, -0.25, 0.05], 'duration': [False, 1, 0.13333333333333333], 'partial_duration': [False, 1, 0.13333333333333333], 'num_of_vehicles_left': [True, 1, 0], 'duration_of_vehicles_left': [True, 1, 0], 'num_of_vehicles_in_system': [False, 0, 3], 'num_of_vehicles_at_entering': [False, 0, 1]}"
,"{'delay': [True, -0.25, 0.9998246576811648], 'flickering': [True, -5, 0], 'emergency': [False, 0.1667, 0.0], 'queue_length': [True, -0.25, 1], 'wait_time': [True, -0.25, 0.06666666666666667], 'duration': [False, 1, 0.15], 'partial_duration': [False, 1, 0.15], 'num_of_vehicles_left': [True, 1, 0], 'duration_of_vehicles_left': [True, 1, 0], 'num_of_vehicles_in_system': [False, 0, 3], 'num_of_vehicles_at_entering': [False, 0, 1]}"
,"{'delay': [True, -0.25, 0.9999767155370852], 'flickering': [True, -5, 0], 'emergency': [False, 0.1667, 0.3333333333333333], 'queue_length': [True, -0.25, 1], 'wait_time': [True, -0.25, 0.08333333333333333], 'duration': [False, 1, 0.16666666666666666], 'partial_duration': [False, 1, 0.16666666666666666], 'num_of_vehicles_left': [True, 1, 0], 'duration_of_vehicles_left': [True, 1, 0], 'num_of_vehicles_in_system': [False, 0, 4], 'num_of_vehicles_at_entering': [False, 0, 1]}"
,"{'delay': [True, -0.25, 1.0], 'flickering': [True, -5, 1], 'emergency': [False, 0.1667, 0.25], 'queue_length': [True, -0.25, 1], 'wait_time': [True, -0.25, 0.1], 'duration': [False, 1, 0.18333333333333332], 'partial_duration': [False, 1, 0.18333333333333332], 'num_of_vehicles_left': [True, 1, 1], 'duration_of_vehicles_left': [True, 1, 0.016666666666666666], 'num_of_vehicles_in_system': [False, 0, 5], 'num_of_vehicles_at_entering': [False, 0, 1]}"
,"{'delay': [True, -0.25, 1.0], 'flickering': [True, -5, 0], 'emergency': [False, 0.1667, 0.2], 'queue_length': [True, -0.25, 1], 'wait_time': [True, -0.25, 0.11666666666666667], 'duration': [False, 1, 0.2], 'partial_duration': [False, 1, 0.2], 'num_of_vehicles_left': [True, 1, 1], 'duration_of_vehicles_left': [True, 1, 0.016666666666666666], 'num_of_vehicles_in_system': [False, 0, 6], 'num_of_vehicles_at_entering': [False, 0, 1]}"
,"{'delay': [True, -0.25, 1.0], 'flickering': [True, -5, 0], 'emergency': [False, 0.1667, 0.0], 'queue_length': [True, -0.25, 1], 'wait_time': [True, -0.25, 0.13333333333333333], 'duration': [False, 1, 0.21666666666666667], 'partial_duration': [False, 1, 0.21666666666666667], 'num_of_vehicles_left': [True, 1, 1], 'duration_of_vehicles_left': [True, 1, 0.016666666666666666], 'num_of_vehicles_in_system': [False, 0, 6], 'num_of_vehicles_at_entering': [False, 0, 1]}"
,"{'delay': [True, -0.25, 1.0], 'flickering': [True, -5, 0], 'emergency': [False, 0.1667, 0.0], 'queue_length': [True, -0.25, 1], 'wait_time': [True, -0.25, 0.15], 'duration': [False, 1, 0.23333333333333334], 'partial_duration': [False, 1, 0.23333333333333334], 'num_of_vehicles_left': [True, 1, 0], 'duration_of_vehicles_left': [True, 1, 0], 'num_of_vehicles_in_system': [False, 0, 6], 'num_of_vehicles_at_entering': [False, 0, 1]}"
,"{'delay': [True, -0.25, 1.0], 'flickering': [True, -5, 0], 'emergency': [False, 0.1667, 0.0], 'queue_length': [True, -0.25, 1], 'wait_time': [True, -0.25, 0.16666666666666666], 'duration': [False, 1, 0.25], 'partial_duration': [False, 1, 0.25], 'num_of_vehicles_left': [True, 1, 0], 'duration_of_vehicles_left': [True, 1, 0], 'num_of_vehicles_in_system': [False, 0, 6], 'num_of_vehicles_at_entering': [False, 0, 1]}"
,"{'delay': [True, -0.25, 1.375437775622085], 'flickering': [True, -5, 0], 'emergency': [False, 0.1667, 0.16666666666666666], 'queue_length': [True, -0.25, 1], 'wait_time': [True, -0.25, 0.18333333333333332], 'duration': [False, 1, 0.35], 'partial_duration': [False, 1, 0.35], 'num_of_vehicles_left': [True, 1, 0], 'duration_of_vehicles_left': [True, 1, 0], 'num_of_vehicles_in_system': [False, 0, 7], 'num_of_vehicles_at_entering': [False, 0, 2]}"
,"{'delay': [True, -0.25, 1.0], 'flickering': [True, -5, 0], 'emergency': [False, 0.1667, 0.0], 'queue_length': [True, -0.25, 1], 'wait_time': [True, -0.25, 0.2], 'duration': [False, 1, 0.2833333333333333], 'partial_duration': [False, 1, 0.2833333333333333], 'num_of_vehicles_left': [True, 1, 1], 'duration_of_vehicles_left': [True, 1, 0.016666666666666666], 'num_of_vehicles_in_system': [False, 0, 6], 'num_of_vehicles_at_entering': [False, 0, 1]}"
,"{'delay': [True, -0.25, 1.0], 'flickering': [True, -5, 1], 'emergency': [False, 0.1667, 0.0], 'queue_length': [True, -0.25, 1], 'wait_time': [True, -0.25, 0.21666666666666667], 'duration': [False, 1, 0.3], 'partial_duration': [False, 1, 0.3], 'num_of_vehicles_left': [True, 1, 0], 'duration_of_vehicles_left': [True, 1, 0], 'num_of_vehicles_in_system': [False, 0, 6], 'num_of_vehicles_at_entering': [False, 0, 1]}"
,"{'delay': [True, -0.25, 1.0], 'flickering': [True, -5, 0], 'emergency': [False, 0.1667, 0.0], 'queue_length': [True, -0.25, 1], 'wait_time': [True, -0.25, 0.23333333333333334], 'duration': [False, 1, 0.31666666666666665], 'partial_duration': [False, 1, 0.31666666666666665], 'num_of_vehicles_left': [True, 1, 0], 'duration_of_vehicles_left': [True, 1, 0], 'num_of_vehicles_in_system': [False, 0, 6], 'num_of_vehicles_at_entering': [False, 0, 1]}"
,"{'delay': [True, -0.25, 1.0], 'flickering': [True, -5, 0], 'emergency': [False, 0.1667, 0.0], 'queue_length': [True, -0.25, 1], 'wait_time': [True, -0.25, 0.25], 'duration': [False, 1, 0.3333333333333333], 'partial_duration': [False, 1, 0.3333333333333333], 'num_of_vehicles_left': [True, 1, 0], 'duration_of_vehicles_left': [True, 1, 0], 'num_of_vehicles_in_system': [False, 0, 6], 'num_of_vehicles_at_entering': [False, 0, 1]}"
,"{'delay': [True, -0.25, 1.0], 'flickering': [True, -5, 0], 'emergency': [False, 0.1667, 0.0], 'queue_length': [True, -0.25, 1], 'wait_time': [True, -0.25, 0.26666666666666666], 'duration': [False, 1, 0.35], 'partial_duration': [False, 1, 0.35], 'num_of_vehicles_left': [True, 1, 0], 'duration_of_vehicles_left': [True, 1, 0], 'num_of_vehicles_in_system': [False, 0, 6], 'num_of_vehicles_at_entering': [False, 0, 1]}"
,"{'delay': [True, -0.25, 1.0], 'flickering': [True, -5, 0], 'emergency': [False, 0.1667, 0.0], 'queue_length': [True, -0.25, 1], 'wait_time': [True, -0.25, 0.2833333333333333], 'duration': [False, 1, 0.36666666666666664], 'partial_duration': [False, 1, 0.36666666666666664], 'num_of_vehicles_left': [True, 1, 0], 'duration_of_vehicles_left': [True, 1, 0], 'num_of_vehicles_in_system': [False, 0, 6], 'num_of_vehicles_at_entering': [False, 0, 1]}"
,"{'delay': [True, -0.25, 1.0], 'flickering': [True, -5, 0], 'emergency': [False, 0.1667, 0.0], 'queue_length': [True, -0.25, 1], 'wait_time': [True, -0.25, 0.3], 'duration': [False, 1, 0.38333333333333336], 'partial_duration': [False, 1, 0.38333333333333336], 'num_of_vehicles_left': [True, 1, 0], 'duration_of_vehicles_left': [True, 1, 0], 'num_of_vehicles_in_system': [False, 0, 6], 'num_of_vehicles_at_entering': [False, 0, 1]}"
,"{'delay': [True, -0.25, 1.0], 'flickering': [True, -5, 0], 'emergency': [False, 0.1667, 0.0], 'queue_length': [True, -0.25, 1], 'wait_time': [True, -0.25, 0.31666666666666665], 'duration': [False, 1, 0.4], 'partial_duration': [False, 1, 0.4], 'num_of_vehicles_left': [True, 1, 0], 'duration_of_vehicles_left': [True, 1, 0], 'num_of_vehicles_in_system': [False, 0, 6], 'num_of_vehicles_at_entering': [False, 0, 1]}"
,"{'delay': [True, -0.25, 1.0], 'flickering': [True, -5, 0], 'emergency': [False, 0.1667, 0.0], 'queue_length': [True, -0.25, 1], 'wait_time': [True, -0.25, 0.3333333333333333], 'duration': [False, 1, 0.4166666666666667], 'partial_duration': [False, 1, 0.4166666666666667], 'num_of_vehicles_left': [True, 1, 0], 'duration_of_vehicles_left': [True, 1, 0], 'num_of_vehicles_in_system': [False, 0, 6], 'num_of_vehicles_at_entering': [False, 0, 1]}"
,"{'delay': [True, -0.25, 1.0], 'flickering': [True, -5, 0], 'emergency': [False, 0.1667, 0.0], 'queue_length': [True, -0.25, 1], 'wait_time': [True, -0.25, 0.35], 'duration': [False, 1, 0.43333333333333335], 'partial_duration': [False, 1, 0.43333333333333335], 'num_of_vehicles_left': [True, 1, 0], 'duration_of_vehicles_left': [True, 1, 0], 'num_of_vehicles_in_system': [False, 0, 6], 'num_of_vehicles_at_entering': [False, 0, 1]}"
,"{'delay': [True, -0.25, 1.0], 'flickering': [True, -5, 0], 'emergency': [False, 0.1667, 0.0], 'queue_length': [True, -0.25, 1], 'wait_time': [True, -0.25, 0.36666666666666664], 'duration': [False, 1, 0.45], 'partial_duration': [False, 1, 0.45], 'num_of_vehicles_left': [True, 1, 0], 'duration_of_vehicles_left': [True, 1, 0], 'num_of_vehicles_in_system': [False, 0, 6], 'num_of_vehicles_at_entering': [False, 0, 1]}"
,"{'delay': [True, -0.25, 1.0], 'flickering': [True, -5, 0], 'emergency': [False, 0.1667, 0.0], 'queue_length': [True, -0.25, 1], 'wait_time': [True, -0.25, 0.38333333333333336], 'duration': [False, 1, 0.4666666666666667], 'partial_duration': [False, 1, 0.4666666666666667], 'num_of_vehicles_left': [True, 1, 0], 'duration_of_vehicles_left': [True, 1, 0], 'num_of_vehicles_in_system': [False, 0, 6], 'num_of_vehicles_at_entering': [False, 0, 1]}"
,"{'delay': [True, -0.25, 1.0], 'flickering': [True, -5, 1], 'emergency': [False, 0.1667, 0.0], 'queue_length': [True, -0.25, 1], 'wait_time': [True, -0.25, 0.4], 'duration': [False, 1, 0.48333333333333334], 'partial_duration': [False, 1, 0.48333333333333334], 'num_of_vehicles_left': [True, 1, 0], 'duration_of_vehicles_left': [True, 1, 0], 'num_of_vehicles_in_system': [False, 0, 6], 'num_of_vehicles_at_entering': [False, 0, 1]}"
,"{'delay': [True, -0.25, 1.0], 'flickering': [True, -5, 0], 'emergency': [False, 0.1667, 0.0], 'queue_length': [True, -0.25, 1], 'wait_time': [True, -0.25, 0.4166666666666667], 'duration': [False, 1, 0.5], 'partial_duration': [False, 1, 0.5], 'num_of_vehicles_left': [True, 1, 0], 'duration_of_vehicles_left': [True, 1, 0], 'num_of_vehicles_in_system': [False, 0, 6], 'num_of_vehicles_at_entering': [False, 0, 1]}"
,"{'delay': [True, -0.25, 1.0], 'flickering': [True, -5, 0], 'emergency': [False, 0.1667, 0.0], 'queue_length': [True, -0.25, 1], 'wait_time': [True, -0.25, 0.43333333333333335], 'duration': [False, 1, 0.5166666666666667], 'partial_duration': [False, 1, 0.5166666666666667], 'num_of_vehicles_left': [True, 1, 0], 'duration_of_vehicles_left': [True, 1, 0], 'num_of_vehicles_in_system': [False, 0, 5], 'num_of_vehicles_at_entering': [False, 0, 1]}"
,"{'delay': [True, -0.25, 1.0], 'flickering': [True, -5, 0], 'emergency': [False, 0.1667, 0.0], 'queue_length': [True, -0.25, 1], 'wait_time': [True, -0.25, 0.45], 'duration': [False, 1, 0.5333333333333333], 'partial_duration': [False, 1, 0.5333333333333333], 'num_of_vehicles_left': [True, 1, 0], 'duration_of_vehicles_left': [True, 1, 0], 'num_of_vehicles_in_system': [False, 0, 5], 'num_of_vehicles_at_entering': [False, 0, 1]}"
,"{'delay': [True, -0.25, 1.0], 'flickering': [True, -5, 0], 'emergency': [False, 0.1667, 0.0], 'queue_length': [True, -0.25, 1], 'wait_time': [True, -0.25, 0.4666666666666667], 'duration': [False, 1, 0.55], 'partial_duration': [False, 1, 0.55], 'num_of_vehicles_left': [True, 1, 0], 'duration_of_vehicles_left': [True, 1, 0], 'num_of_vehicles_in_system': [False, 0, 5], 'num_of_vehicles_at_entering': [False, 0, 1]}"
,"{'delay': [True, -0.25, 1.0], 'flickering': [True, -5, 0], 'emergency': [False, 0.1667, 0.0], 'queue_length': [True, -0.25, 1], 'wait_time': [True, -0.25, 0.48333333333333334], 'duration': [False, 1, 0.5666666666666667], 'partial_duration': [False, 1, 0.5666666666666667], 'num_of_vehicles_left': [True, 1, 0], 'duration_of_vehicles_left': [True, 1, 0], 'num_of_vehicles_in_system': [False, 0, 5], 'num_of_vehicles_at_entering': [False, 0, 1]}"
,"{'delay': [True, -0.25, 2.0], 'flickering': [True, -5, 0], 'emergency': [False, 0.1667, 0.2], 'queue_length': [True, -0.25, 2], 'wait_time': [True, -0.25, 0.5], 'duration': [False, 1, 0.5833333333333334], 'partial_duration': [False, 1, 0.5833333333333334], 'num_of_vehicles_left': [True, 1, 0], 'duration_of_vehicles_left': [True, 1, 0], 'num_of_vehicles_in_system': [False, 0, 6], 'num_of_vehicles_at_entering': [False, 0, 2]}"
,"{'delay': [True, -0.25, 1.8591643286807913], 'flickering': [True, -5, 0], 'emergency': [False, 0.1667, 0.16666666666666666], 'queue_length': [True, -0.25, 1], 'wait_time': [True, -0.25, 0.5166666666666667], 'duration': [False, 1, 0.6166666666666667], 'partial_duration': [False, 1, 0.6166666666666667], 'num_of_vehicles_left': [True, 1, 0], 'duration_of_vehicles_left': [True, 1, 0], 'num_of_vehicles_in_system': [False, 0, 7], 'num_of_vehicles_at_entering': [False, 0, 2]}"
,"{'delay': [True, -0.25, 1.6840223405510857], 'flickering': [True, -5, 0], 'emergency': [False, 0.1667, 0.0], 'queue_length': [True, -0.25, 1], 'wait_time': [True, -0.25, 0.5333333333333333], 'duration': [False, 1, 0.65], 'partial_duration': [False, 1, 0.65], 'num_of_vehicles_left': [True, 1, 1], 'duration_of_vehicles_left': [True, 1, 0.016666666666666666], 'num_of_vehicles_in_system': [False, 0, 7], 'num_of_vehicles_at_entering': [False, 0, 2]}"
,"{'delay': [True, -0.25, 1.5818042626273883], 'flickering': [True, -5, 0], 'emergency': [False, 0.1667, 0.0], 'queue_length': [True, -0.25, 1], 'wait_time': [True, -0.25, 0.55], 'duration': [False, 1, 0.6833333333333333], 'partial_duration': [False, 1, 0.6833333333333333], 'num_of_vehicles_left': [True, 1, 0], 'duration_of_vehicles_left': [True, 1, 0], 'num_of_vehicles_in_system': [False, 0, 7], 'num_of_vehicles_at_entering': [False, 0, 2]}"
,"{'delay': [True, -0.25, 1.4799505640927615], 'flickering': [True, -5, 0], 'emergency': [False, 0.1667, 0.0], 'queue_length': [True, -0.25, 1], 'wait_time': [True, -0.25, 0.5666666666666667], 'duration': [False, 1, 0.7166666666666667], 'partial_duration': [False, 1, 0.7166666666666667], 'num_of_vehicles_left': [True, 1, 0], 'duration_of_vehicles_left': [True, 1, 0], 'num_of_vehicles_in_system': [False, 0, 7], 'num_of_vehicles_at_entering': [False, 0, 2]}"
,"{'delay': [True, -0.25, 1.3720301959088343], 'flickering': [True, -5, 1], 'emergency': [False, 0.1667, 0.0], 'queue_length': [True, -0.25, 1], 'wait_time': [True, -0.25, 0.5833333333333334], 'duration': [False, 1, 0.75], 'partial_duration': [False, 1, 0.75], 'num_of_vehicles_left': [True, 1, 0], 'duration_of_vehicles_left': [True, 1, 0], 'num_of_vehicles_in_system': [False, 0, 7], 'num_of_vehicles_at_entering': [False, 0, 2]}"
,"{'delay': [True, -0.25, 1.0], 'flickering': [True, -5, 0], 'emergency': [False, 0.1667, 0.0], 'queue_length': [True, -0.25, 1], 'wait_time': [True, -0.25, 0.6], 'duration': [False, 1, 0.6833333333333333], 'partial_duration': [False, 1, 0.6833333333333333], 'num_of_vehicles_left': [True, 1, 1], 'duration_of_vehicles_left': [True, 1, 0.1], 'num_of_vehicles_in_system': [False, 0, 7], 'num_of_vehicles_at_entering': [False, 0, 1]}"
,"{'delay': [True, -0.25, 1.0], 'flickering': [True, -5, 0], 'emergency': [False, 0.1667, 0.0], 'queue_length': [True, -0.25, 1], 'wait_time': [True, -0.25, 0.6166666666666667], 'duration': [False, 1, 0.7], 'partial_duration': [False, 1, 0.7], 'num_of_vehicles_left': [True, 1, 0], 'duration_of_vehicles_left': [True, 1, 0], 'num_of_vehicles_in_system': [False, 0, 7], 'num_of_vehicles_at_entering': [False, 0, 1]}"
,"{'delay': [True, -0.25, 1.0], 'flickering': [True, -5, 0], 'emergency': [False, 0.1667, 0.14285714285714285], 'queue_length': [True, -0.25, 1], 'wait_time': [True, -0.25, 0.6333333333333333], 'duration': [False, 1, 0.7166666666666667], 'partial_duration': [False, 1, 0.7166666666666667], 'num_of_vehicles_left': [True, 1, 0], 'duration_of_vehicles_left': [True, 1, 0], 'num_of_vehicles_in_system': [False, 0, 8], 'num_of_vehicles_at_entering': [False, 0, 1]}"
,"{'delay': [True, -0.25, 1.0], 'flickering': [True, -5, 0], 'emergency': [False, 0.1667, 0.0], 'queue_length': [True, -0.25, 1], 'wait_time': [True, -0.25, 0.65], 'duration': [False, 1, 0.7333333333333333], 'partial_duration': [False, 1, 0.7333333333333333], 'num_of_vehicles_left': [True, 1, 1], 'duration_of_vehicles_left': [True, 1, 0.016666666666666666], 'num_of_vehicles_in_system': [False, 0, 7], 'num_of_vehicles_at_entering': [False, 0, 1]}"
,"{'delay': [True, -0.25, 1.0], 'flickering': [True, -5, 0], 'emergency': [False, 0.1667, 0.0], 'queue_length': [True, -0.25, 1], 'wait_time': [True, -0.25, 0.6666666666666666], 'duration': [False, 1, 0.75], 'partial_duration': [False, 1, 0.75], 'num_of_vehicles_left': [True, 1, 0], 'duration_of_vehicles_left': [True, 1, 0], 'num_of_vehicles_in_system': [False, 0, 7], 'num_of_vehicles_at_entering': [False, 0, 1]}"
,"{'delay': [True, -0.25, 1.2418036676756108], 'flickering': [True, -5, 0], 'emergency': [False, 0.1667, 0.0], 'queue_length': [True, -0.25, 1], 'wait_time': [True, -0.25, 0.6833333333333333], 'duration': [False, 1, 0.9333333333333333], 'partial_duration': [False, 1, 0.9333333333333333], 'num_of_vehicles_left': [True, 1, 0], 'duration_of_vehicles_left': [True, 1, 0], 'num_of_vehicles_in_system': [False, 0, 6], 'num_of_vehicles_at_entering': [False, 0, 2]}"
,"{'delay': [True, -0.25, 1.565777749749045], 'flickering': [True, -5, 0], 'emergency': [False, 0.1667, 0.0], 'queue_length': [True, -0.25, 1], 'wait_time': [True, -0.25, 0.7], 'duration': [False, 1, 0.9666666666666667], 'partial_duration': [False, 1, 0.9666666666666667], 'num_of_vehicles_left': [True, 1, 0], 'duration_of_vehicles_left': [True, 1, 0], 'num_of_vehicles_in_system': [False, 0, 6], 'num_of_vehicles_at_entering': [False, 0, 2]}"
,"{'delay': [True, -0.25, 1.836502363565288], 'flickering': [True, -5, 0], 'emergency': [False, 0.1667, 0.0], 'queue_length': [True, -0.25, 1], 'wait_time': [True, -0.25, 0.7166666666666667], 'duration': [False, 1, 1.0], 'partial_duration': [False, 1, 1.0], 'num_of_vehicles_left': [True, 1, 0], 'duration_of_vehicles_left': [True, 1, 0], 'num_of_vehicles_in_system': [False, 0, 6], 'num_of_vehicles_at_entering': [False, 0, 2]}"
,"{'delay': [True, -0.25, 1.9557268569627615], 'flickering': [True, -5, 0], 'emergency': [False, 0.1667, 0.0], 'queue_length': [True, -0.25, 1], 'wait_time': [True, -0.25, 0.7333333333333333], 'duration': [False, 1, 1.0333333333333332], 'partial_duration': [False, 1, 1.0333333333333332], 'num_of_vehicles_left': [True, 1, 0], 'duration_of_vehicles_left': [True, 1, 0], 'num_of_vehicles_in_system': [False, 0, 6], 'num_of_vehicles_at_entering': [False, 0, 2]}"
,"{'delay': [True, -0.25, 1.9978343396976683], 'flickering': [True, -5, 0], 'emergency': [False, 0.1667, 0.0], 'queue_length': [True, -0.25, 2], 'wait_time': [True, -0.25, 0.7666666666666667], 'duration': [False, 1, 1.0666666666666667], 'partial_duration': [False, 1, 1.0666666666666667], 'num_of_vehicles_left': [True, 1, 0], 'duration_of_vehicles_left': [True, 1, 0], 'num_of_vehicles_in_system': [False, 0, 6], 'num_of_vehicles_at_entering': [False, 0, 2]}"
,"{'delay': [True, -0.25, 1.9993135551477421], 'flickering': [True, -5, 1], 'emergency': [False, 0.1667, 0.0], 'queue_length': [True, -0.25, 2], 'wait_time': [True, -0.25, 0.8], 'duration': [False, 1, 1.1], 'partial_duration': [False, 1, 1.1], 'num_of_vehicles_left': [True, 1, 0], 'duration_of_vehicles_left': [True, 1, 0], 'num_of_vehicles_in_system': [False, 0, 6], 'num_of_vehicles_at_entering': [False, 0, 2]}"
,"{'delay': [True, -0.25, 1.9997825428731901], 'flickering': [True, -5, 0], 'emergency': [False, 0.1667, 0.16666666666666666], 'queue_length': [True, -0.25, 2], 'wait_time': [True, -0.25, 0.8333333333333334], 'duration': [False, 1, 1.1333333333333333], 'partial_duration': [False, 1, 1.1333333333333333], 'num_of_vehicles_left': [True, 1, 0], 'duration_of_vehicles_left': [True, 1, 0], 'num_of_vehicles_in_system': [False, 0, 7], 'num_of_vehicles_at_entering': [False, 0, 2]}"
,"{'delay': [True, -0.25, 1.9999224099638915], 'flickering': [True, -5, 0], 'emergency': [False, 0.1667, 0.0], 'queue_length': [True, -0.25, 2], 'wait_time': [True, -0.25, 0.8666666666666667], 'duration': [False, 1, 1.1666666666666665], 'partial_duration': [False, 1, 1.1666666666666665], 'num_of_vehicles_left': [True, 1, 1], 'duration_of_vehicles_left': [True, 1, 0.016666666666666666], 'num_of_vehicles_in_system': [False, 0, 7], 'num_of_vehicles_at_entering': [False, 0, 2]}"
,"{'delay': [True, -0.25, 2.0], 'flickering': [True, -5, 0], 'emergency': [False, 0.1667, 0.0], 'queue_length': [True, -0.25, 2], 'wait_time': [True, -0.25, 0.9], 'duration': [False, 1, 1.2], 'partial_duration': [False, 1, 1.2], 'num_of_vehicles_left': [True, 1, 0], 'duration_of_vehicles_left': [True, 1, 0], 'num_of_vehicles_in_system': [False, 0, 7], 'num_of_vehicles_at_entering': [False, 0, 2]}"
,"{'delay': [True, -0.25, 2.0], 'flickering': [True, -5, 0], 'emergency': [False, 0.1667, 0.0], 'queue_length': [True, -0.25, 2], 'wait_time': [True, -0.25, 0.9333333333333333], 'duration': [False, 1, 1.2333333333333334], 'partial_duration': [False, 1, 1.2333333333333334], 'num_of_vehicles_left': [True, 1, 0], 'duration_of_vehicles_left': [True, 1, 0], 'num_of_vehicles_in_system': [False, 0, 7], 'num_of_vehicles_at_entering': [False, 0, 2]}"
,"{'delay': [True, -0.25, 2.0], 'flickering': [True, -5, 0], 'emergency': [False, 0.1667, 0.14285714285714285], 'queue_length': [True, -0.25, 2], 'wait_time': [True, -0.25, 0.9666666666666667], 'duration': [False, 1, 1.2666666666666666], 'partial_duration': [False, 1, 1.2666666666666666], 'num_of_vehicles_left': [True, 1, 0], 'duration_of_vehicles_left': [True, 1, 0], 'num_of_vehicles_in_system': [False, 0, 8], 'num_of_vehicles_at_entering': [False, 0, 2]}"
,"{'delay': [True, -0.25, 2.0], 'flickering': [True, -5, 0], 'emergency': [False, 0.1667, 0.0], 'queue_length': [True, -0.25, 2], 'wait_time': [True, -0.25, 1.0], 'duration': [False, 1, 1.2999999999999998], 'partial_duration': [False, 1, 1.2999999999999998], 'num_of_vehicles_left': [True, 1, 1], 'duration_of_vehicles_left': [True, 1, 0.016666666666666666], 'num_of_vehicles_in_system': [False, 0, 8], 'num_of_vehicles_at_entering': [False, 0, 2]}"
,"{'delay': [True, -0.25, 2.0], 'flickering': [True, -5, 0], 'emergency': [False, 0.1667, 0.0], 'queue_length': [True, -0.25, 2], 'wait_time': [True, -0.25, 1.0333333333333332], 'duration': [False, 1, 1.3333333333333333], 'partial_duration': [False, 1, 1.3333333333333333], 'num_of_vehicles_left': [True, 1, 0], 'duration_of_vehicles_left': [True, 1, 0], 'num_of_vehicles_in_system': [False, 0, 8], 'num_of_vehicles_at_entering': [False, 0, 2]}"
,"{'delay': [True, -0.25, 2.0], 'flickering': [True, -5, 0], 'emergency': [False, 0.1667, 0.0], 'queue_length': [True, -0.25, 2], 'wait_time': [True, -0.25, 1.0666666666666667], 'duration': [False, 1, 1.3666666666666667], 'partial_duration': [False, 1, 1.3666666666666667], 'num_of_vehicles_left': [True, 1, 0], 'duration_of_vehicles_left': [True, 1, 0], 'num_of_vehicles_in_system': [False, 0, 8], 'num_of_vehicles_at_entering': [False, 0, 2]}"
,"{'delay': [True, -0.25, 2.0], 'flickering': [True, -5, 0], 'emergency': [False, 0.1667, 0.0], 'queue_length': [True, -0.25, 2], 'wait_time': [True, -0.25, 1.0999999999999999], 'duration': [False, 1, 1.4], 'partial_duration': [False, 1, 1.4], 'num_of_vehicles_left': [True, 1, 0], 'duration_of_vehicles_left': [True, 1, 0], 'num_of_vehicles_in_system': [False, 0, 8], 'num_of_vehicles_at_entering': [False, 0, 2]}"
,"{'delay': [True, -0.25, 2.0], 'flickering': [True, -5, 0], 'emergency': [False, 0.1667, 0.0], 'queue_length': [True, -0.25, 2], 'wait_time': [True, -0.25, 1.1333333333333333], 'duration': [False, 1, 1.4333333333333333], 'partial_duration': [False, 1, 1.4333333333333333], 'num_of_vehicles_left': [True, 1, 0], 'duration_of_vehicles_left': [True, 1, 0], 'num_of_vehicles_in_system': [False, 0, 8], 'num_of_vehicles_at_entering': [False, 0, 2]}"
,"{'delay': [True, -0.25, 1.0], 'flickering': [True, -5, 1], 'emergency': [False, 0.1667, 0.0], 'queue_length': [True, -0.25, 1], 'wait_time': [True, -0.25, 0.21666666666666667], 'duration': [False, 1, 0.43333333333333335], 'partial_duration': [False, 1, 0.43333333333333335], 'num_of_vehicles_left': [True, 1, 1], 'duration_of_vehicles_left': [True, 1, 1.0333333333333334], 'num_of_vehicles_in_system': [False, 0, 8], 'num_of_vehicles_at_entering': [False, 0, 1]}"
,"{'delay': [True, -0.25, 1.0], 'flickering': [True, -5, 0], 'emergency': [False, 0.1667, 0.0], 'queue_length': [True, -0.25, 1], 'wait_time': [True, -0.25, 0.23333333333333334], 'duration': [False, 1, 0.45], 'partial_duration': [False, 1, 0.45], 'num_of_vehicles_left': [True, 1, 0], 'duration_of_vehicles_left': [True, 1, 0], 'num_of_vehicles_in_system': [False, 0, 8], 'num_of_vehicles_at_entering': [False, 0, 1]}"
,"{'delay': [True, -0.25, 1.0], 'flickering': [True, -5, 0], 'emergency': [False, 0.1667, 0.0], 'queue_length': [True, -0.25, 1], 'wait_time': [True, -0.25, 0.25], 'duration': [False, 1, 0.4666666666666667], 'partial_duration': [False, 1, 0.4666666666666667], 'num_of_vehicles_left': [True, 1, 0], 'duration_of_vehicles_left': [True, 1, 0], 'num_of_vehicles_in_system': [False, 0, 8], 'num_of_vehicles_at_entering': [False, 0, 1]}"
,"{'delay': [True, -0.25, 1.6647890806104138], 'flickering': [True, -5, 0], 'emergency': [False, 0.1667, 0.0], 'queue_length': [True, -0.25, 1], 'wait_time': [True, -0.25, 0.26666666666666666], 'duration': [False, 1, 1.7166666666666666], 'partial_duration': [False, 1, 1.7166666666666666], 'num_of_vehicles_left': [True, 1, 0], 'duration_of_vehicles_left': [True, 1, 0], 'num_of_vehicles_in_system': [False, 0, 8], 'num_of_vehicles_at_entering': [False, 0, 3]}"
,"{'delay': [True, -0.25, 1.5117888372452344], 'flickering': [True, -5, 0], 'emergency': [False, 0.1667, 0.125], 'queue_length': [True, -0.25, 1], 'wait_time': [True, -0.25, 0.2833333333333333], 'duration': [False, 1, 1.6], 'partial_duration': [False, 1, 1.6], 'num_of_vehicles_left': [True, 1, 0], 'duration_of_vehicles_left': [True, 1, 0], 'num_of_vehicles_in_system': [False, 0, 9], 'num_of_vehicles_at_entering': [False, 0, 2]}"
,"{'delay': [True, -0.25, 1.3506151482062463], 'flickering': [True, -5, 0], 'emergency': [False, 0.1667, 0.0], 'queue_length': [True, -0.25, 1], 'wait_time': [True, -0.25, 0.3], 'duration': [False, 1, 1.6333333333333333], 'partial_duration': [False, 1, 1.6333333333333333], 'num_of_vehicles_left': [True, 1, 1], 'duration_of_vehicles_left': [True, 1, 0.016666666666666666], 'num_of_vehicles_in_system': [False, 0, 9], 'num_of_vehicles_at_entering': [False, 0, 2]}"
,"{'delay': [True, -0.25, 1.1643536848078306], 'flickering': [True, -5, 0], 'emergency': [False, 0.1667, 0.0], 'queue_length': [True, -0.25, 1], 'wait_time': [True, -0.25, 0.31666666666666665], 'duration': [False, 1, 1.6666666666666665], 'partial_duration': [False, 1, 1.6666666666666665], 'num_of_vehicles_left': [True, 1, 0], 'duration_of_vehicles_left': [True, 1, 0], 'num_of_vehicles_in_system': [False, 0, 9], 'num_of_vehicles_at_entering': [False, 0, 2]}"
,"{'delay': [True, -0.25, 0.9974548783061974], 'flickering': [True, -5, 0], 'emergency': [False, 0.1667, 0.1111111111111111], 'queue_length': [True, -0.25, 1], 'wait_time': [True, -0.25, 0.3333333333333333], 'duration': [False, 1, 1.7], 'partial_duration': [False, 1, 1.7], 'num_of_vehicles_left': [True, 1, 0], 'duration_of_vehicles_left': [True, 1, 0], 'num_of_vehicles_in_system': [False, 0, 10], 'num_of_vehicles_at_entering': [False, 0, 2]}"
,"{'delay': [True, -0.25, 0.9767012497505656], 'flickering': [True, -5, 0], 'emergency': [False, 0.1667, 0.0], 'queue_length': [True, -0.25, 1], 'wait_time': [True, -0.25, 0.35], 'duration': [False, 1, 1.7333333333333334], 'partial_duration': [False, 1, 1.7333333333333334], 'num_of_vehicles_left': [True, 1, 1], 'duration_of_vehicles_left': [True, 1, 0.016666666666666666], 'num_of_vehicles_in_system': [False, 0, 9], 'num_of_vehicles_at_entering': [False, 0, 2]}"
,"{'delay': [True, -0.25, 1.0110889968073666], 'flickering': [True, -5, 0], 'emergency': [False, 0.1667, 0.0], 'queue_length': [True, -0.25, 1], 'wait_time': [True, -0.25, 0.36666666666666664], 'duration': [False, 1, 1.7666666666666666], 'partial_duration': [False, 1, 1.7666666666666666], 'num_of_vehicles_left': [True, 1, 0], 'duration_of_vehicles_left': [True, 1, 0], 'num_of_vehicles_in_system': [False, 0, 9], 'num_of_vehicles_at_entering': [False, 0, 2]}"
,"{'delay': [True, -0.25, 1.1953523989966395], 'flickering': [True, -5, 0], 'emergency': [False, 0.1667, 0.0], 'queue_length': [True, -0.25, 1], 'wait_time': [True, -0.25, 0.38333333333333336], 'duration': [False, 1, 2.0666666666666664], 'partial_duration': [False, 1, 2.0666666666666664], 'num_of_vehicles_left': [True, 1, 0], 'duration_of_vehicles_left': [True, 1, 0], 'num_of_vehicles_in_system': [False, 0, 9], 'num_of_vehicles_at_entering': [False, 0, 3]}"
,"{'delay': [True, -0.25, 1.02222960843267], 'flickering': [True, -5, 1], 'emergency': [False, 0.1667, 0.0], 'queue_length': [True, -0.25, 1], 'wait_time': [True, -0.25, 0.4], 'duration': [False, 1, 2.1166666666666667], 'partial_duration': [False, 1, 2.1166666666666667], 'num_of_vehicles_left': [True, 1, 0], 'duration_of_vehicles_left': [True, 1, 0], 'num_of_vehicles_in_system': [False, 0, 9], 'num_of_vehicles_at_entering': [False, 0, 3]}"
,"{'delay': [True, -0.25, 0.9928665696125936], 'flickering': [True, -5, 0], 'emergency': [False, 0.1667, 0.0], 'queue_length': [True, -0.25, 1], 'wait_time': [True, -0.25, 0.4166666666666667], 'duration': [False, 1, 1.8666666666666667], 'partial_duration': [False, 1, 1.8666666666666667], 'num_of_vehicles_left': [True, 1, 0], 'duration_of_vehicles_left': [True, 1, 0], 'num_of_vehicles_in_system': [False, 0, 8], 'num_of_vehicles_at_entering': [False, 0, 2]}"
,"{'delay': [True, -0.25, 1.0257266842332635], 'flickering': [True, -5, 0], 'emergency': [False, 0.1667, 0.125], 'queue_length': [True, -0.25, 1], 'wait_time': [True, -0.25, 0.43333333333333335], 'duration': [False, 1, 1.9], 'partial_duration': [False, 1, 1.9], 'num_of_vehicles_left': [True, 1, 0], 'duration_of_vehicles_left': [True, 1, 0], 'num_of_vehicles_in_system': [False, 0, 9], 'num_of_vehicles_at_entering': [False, 0, 2]}"
,"{'delay': [True, -0.25, 0.9580084809266658], 'flickering': [True, -5, 0], 'emergency': [False, 0.1667, 0.0], 'queue_length': [True, -0.25, 1], 'wait_time': [True, -0.25, 0.45], 'duration': [False, 1, 1.9333333333333331], 'partial_duration': [False, 1, 1.9333333333333331], 'num_of_vehicles_left': [True, 1, 1], 'duration_of_vehicles_left': [True, 1, 0.016666666666666666], 'num_of_vehicles_in_system': [False, 0, 9], 'num_of_vehicles_at_entering': [False, 0, 2]}"
,"{'delay': [True, -0.25, 0.9993594906588814], 'flickering': [True, -5, 0], 'emergency': [False, 0.1667, 0.1111111111111111], 'queue_length': [True, -0.25, 1], 'wait_time': [True, -0.25, 0.4666666666666667], 'duration': [False, 1, 1.9666666666666668], 'partial_duration': [False, 1, 1.9666666666666668], 'num_of_vehicles_left': [True, 1, 0], 'duration_of_vehicles_left': [True, 1, 0], 'num_of_vehicles_in_system': [False, 0, 10], 'num_of_vehicles_at_entering': [False, 0, 2]}"
,"{'delay': [True, -0.25, 0.9621950417824352], 'flickering': [True, -5, 0], 'emergency': [False, 0.1667, 0.0], 'queue_length': [True, -0.25, 1], 'wait_time': [True, -0.25, 0.48333333333333334], 'duration': [False, 1, 2.0], 'partial_duration': [False, 1, 2.0], 'num_of_vehicles_left': [True, 1, 1], 'duration_of_vehicles_left': [True, 1, 0.016666666666666666], 'num_of_vehicles_in_system': [False, 0, 10], 'num_of_vehicles_at_entering': [False, 0, 2]}"
,"{'delay': [True, -0.25, 1.0142286666215292], 'flickering': [True, -5, 0], 'emergency': [False, 0.1667, 0.0], 'queue_length': [True, -0.25, 1], 'wait_time': [True, -0.25, 0.5], 'duration': [False, 1, 2.033333333333333], 'partial_duration': [False, 1, 2.033333333333333], 'num_of_vehicles_left': [True, 1, 0], 'duration_of_vehicles_left': [True, 1, 0], 'num_of_vehicles_in_system': [False, 0, 10], 'num_of_vehicles_at_entering': [False, 0, 2]}"
,"{'delay': [True, -0.25, 0.9588941211266009], 'flickering': [True, -5, 1], 'emergency': [False, 0.1667, 0.0], 'queue_length': [True, -0.25, 1], 'wait_time': [True, -0.25, 0.5166666666666667], 'duration': [False, 1, 2.0666666666666664], 'partial_duration': [False, 1, 2.0666666666666664], 'num_of_vehicles_left': [True, 1, 0], 'duration_of_vehicles_left': [True, 1, 0], 'num_of_vehicles_in_system': [False, 0, 10], 'num_of_vehicles_at_entering': [False, 0, 2]}"
,"{'delay': [True, -0.25, 0.9439220659435734], 'flickering': [True, -5, 0], 'emergency': [False, 0.1667, 0.0], 'queue_length': [True, -0.25, 1], 'wait_time': [True, -0.25, 0.5333333333333333], 'duration': [False, 1, 2.1], 'partial_duration': [False, 1, 2.1], 'num_of_vehicles_left': [True, 1, 0], 'duration_of_vehicles_left': [True, 1, 0], 'num_of_vehicles_in_system': [False, 0, 10], 'num_of_vehicles_at_entering': [False, 0, 2]}"
,"{'delay': [True, -0.25, 0.9509418297486207], 'flickering': [True, -5, 0], 'emergency': [False, 0.1667, 0.0], 'queue_length': [True, -0.25, 1], 'wait_time': [True, -0.25, 0.55], 'duration': [False, 1, 2.1333333333333333], 'partial_duration': [False, 1, 2.1333333333333333], 'num_of_vehicles_left': [True, 1, 0], 'duration_of_vehicles_left': [True, 1, 0], 'num_of_vehicles_in_system': [False, 0, 9], 'num_of_vehicles_at_entering': [False, 0, 2]}"
,"{'delay': [True, -0.25, 0.9901818658802135], 'flickering': [True, -5, 0], 'emergency': [False, 0.1667, 0.0], 'queue_length': [True, -0.25, 1], 'wait_time': [True, -0.25, 0.5666666666666667], 'duration': [False, 1, 2.1666666666666665], 'partial_duration': [False, 1, 2.1666666666666665], 'num_of_vehicles_left': [True, 1, 0], 'duration_of_vehicles_left': [True, 1, 0], 'num_of_vehicles_in_system': [False, 0, 9], 'num_of_vehicles_at_entering': [False, 0, 2]}"
,"{'delay': [True, -0.25, 0.9930788184112089], 'flickering': [True, -5, 0], 'emergency': [False, 0.1667, 0.0], 'queue_length': [True, -0.25, 1], 'wait_time': [True, -0.25, 0.5833333333333334], 'duration': [False, 1, 2.2], 'partial_duration': [False, 1, 2.2], 'num_of_vehicles_left': [True, 1, 0], 'duration_of_vehicles_left': [True, 1, 0], 'num_of_vehicles_in_system': [False, 0, 9], 'num_of_vehicles_at_entering': [False, 0, 2]}"
,"{'delay': [True, -0.25, 1.0], 'flickering': [True, -5, 0], 'emergency': [False, 0.1667, 0.0], 'queue_length': [True, -0.25, 1], 'wait_time': [True, -0.25, 0.6], 'duration': [False, 1, 0.8166666666666667], 'partial_duration': [False, 1, 0.8166666666666667], 'num_of_vehicles_left': [True, 1, 0], 'duration_of_vehicles_left': [True, 1, 0], 'num_of_vehicles_in_system': [False, 0, 8], 'num_of_vehicles_at_entering': [False, 0, 1]}"
,"{'delay': [True, -0.25, 1.0], 'flickering': [True, -5, 0], 'emergency': [False, 0.1667, 0.0], 'queue_length': [True, -0.25, 1], 'wait_time': [True, -0.25, 0.6166666666666667], 'duration': [False, 1, 0.8333333333333334], 'partial_duration': [False, 1, 0.8333333333333334], 'num_of_vehicles_left': [True, 1, 0], 'duration_of_vehicles_left': [True, 1, 0], 'num_of_vehicles_in_system': [False, 0, 8], 'num_of_vehicles_at_entering': [False, 0, 1]}"
,"{'delay': [True, -0.25, 1.0], 'flickering': [True, -5, 0], 'emergency': [False, 0.1667, 0.125], 'queue_length': [True, -0.25, 1], 'wait_time': [True, -0.25, 0.6333333333333333], 'duration': [False, 1, 0.85], 'partial_duration': [False, 1, 0.85], 'num_of_vehicles_left': [True, 1, 0], 'duration_of_vehicles_left': [True, 1, 0], 'num_of_vehicles_in_system': [False, 0, 8], 'num_of_vehicles_at_entering': [False, 0, 1]}"
,"{'delay': [True, -0.25, 1.0], 'flickering': [True, -5, 0], 'emergency': [False, 0.1667, 0.0], 'queue_length': [True, -0.25, 1], 'wait_time': [True, -0.25, 0.65], 'duration': [False, 1, 0.8666666666666667], 'partial_duration': [False, 1, 0.8666666666666667], 'num_of_vehicles_left': [True, 1, 1], 'duration_of_vehicles_left': [True, 1, 0.016666666666666666], 'num_of_vehicles_in_system': [False, 0, 8], 'num_of_vehicles_at_entering': [False, 0, 1]}"
,"{'delay': [True, -0.25, 1.0], 'flickering': [True, -5, 0], 'emergency': [False, 0.1667, 0.125], 'queue_length': [True, -0.25, 1], 'wait_time': [True, -0.25, 0.6666666666666666], 'duration': [False, 1, 0.8833333333333333], 'partial_duration': [False, 1, 0.8833333333333333], 'num_of_vehicles_left': [True, 1, 0], 'duration_of_vehicles_left': [True, 1, 0], 'num_of_vehicles_in_system': [False, 0, 9], 'num_of_vehicles_at_entering': [False, 0, 1]}"
,"{'delay': [True, -0.25, 1.0], 'flickering': [True, -5, 0], 'emergency': [False, 0.1667, 0.0], 'queue_length': [True, -0.25, 1], 'wait_time': [True, -0.25, 0.6833333333333333], 'duration': [False, 1, 0.9], 'partial_duration': [False, 1, 0.9], 'num_of_vehicles_left': [True, 1, 1], 'duration_of_vehicles_left': [True, 1, 0.016666666666666666], 'num_of_vehicles_in_system': [False, 0, 9], 'num_of_vehicles_at_entering': [False, 0, 1]}"
,"{'delay': [True, -0.25, 0.0], 'flickering': [True, -5, 1], 'emergency': [False, 0.1667, 0.0], 'queue_length': [True, -0.25, 0], 'wait_time': [True, -0.25, 0.0], 'duration': [False, 1, 0], 'partial_duration': [False, 1, 0], 'num_of_vehicles_left': [True, 1, 0], 'duration_of_vehicles_left': [True, 1, 0], 'num_of_vehicles_in_system': [False, 0, 9], 'num_of_vehicles_at_entering': [False, 0, 0]}"
,"{'delay': [True, -0.25, 0.0], 'flickering': [True, -5, 0], 'emergency': [False, 0.1667, 0.0], 'queue_length': [True, -0.25, 0], 'wait_time': [True, -0.25, 0.0], 'duration': [False, 1, 0], 'partial_duration': [False, 1, 0], 'num_of_vehicles_left': [True, 1, 0], 'duration_of_vehicles_left': [True, 1, 0], 'num_of_vehicles_in_system': [False, 0, 9], 'num_of_vehicles_at_entering': [False, 0, 0]}"
,"{'delay': [True, -0.25, 0.0], 'flickering': [True, -5, 0], 'emergency': [False, 0.1667, 0.1111111111111111], 'queue_length': [True, -0.25, 0], 'wait_time': [True, -0.25, 0.0], 'duration': [False, 1, 0], 'partial_duration': [False, 1, 0], 'num_of_vehicles_left': [True, 1, 0], 'duration_of_vehicles_left': [True, 1, 0], 'num_of_vehicles_in_system': [False, 0, 10], 'num_of_vehicles_at_entering': [False, 0, 0]}"
,"{'delay': [True, -0.25, 0.6871062116150535], 'flickering': [True, -5, 0], 'emergency': [False, 0.1667, 0.0], 'queue_length': [True, -0.25, 0], 'wait_time': [True, -0.25, 0.0], 'duration': [False, 1, 0.9666666666666667], 'partial_duration': [False, 1, 0.9666666666666667], 'num_of_vehicles_left': [True, 1, 1], 'duration_of_vehicles_left': [True, 1, 0.016666666666666666], 'num_of_vehicles_in_system': [False, 0, 10], 'num_of_vehicles_at_entering': [False, 0, 1]}"
,"{'delay': [True, -0.25, 0.5770021678334303], 'flickering': [True, -5, 0], 'emergency': [False, 0.1667, 0.0], 'queue_length': [True, -0.25, 0], 'wait_time': [True, -0.25, 0.0], 'duration': [False, 1, 0.9833333333333333], 'partial_duration': [False, 1, 0.9833333333333333], 'num_of_vehicles_left': [True, 1, 0], 'duration_of_vehicles_left': [True, 1, 0], 'num_of_vehicles_in_system': [False, 0, 10], 'num_of_vehicles_at_entering': [False, 0, 1]}"
,"{'delay': [True, -0.25, 0.0], 'flickering': [True, -5, 0], 'emergency': [False, 0.1667, 0.0], 'queue_length': [True, -0.25, 0], 'wait_time': [True, -0.25, 0.0], 'duration': [False, 1, 0], 'partial_duration': [False, 1, 0], 'num_of_vehicles_left': [True, 1, 0], 'duration_of_vehicles_left': [True, 1, 0], 'num_of_vehicles_in_system': [False, 0, 10], 'num_of_vehicles_at_entering': [False, 0, 0]}"
,"{'delay': [True, -0.25, 0.0], 'flickering': [True, -5, 0], 'emergency': [False, 0.1667, 0.0], 'queue_length': [True, -0.25, 0], 'wait_time': [True, -0.25, 0.0], 'duration': [False, 1, 0], 'partial_duration': [False, 1, 0], 'num_of_vehicles_left': [True, 1, 0], 'duration_of_vehicles_left': [True, 1, 0], 'num_of_vehicles_in_system': [False, 0, 10], 'num_of_vehicles_at_entering': [False, 0, 0]}"
,"{'delay': [True, -0.25, 0.0], 'flickering': [True, -5, 0], 'emergency': [False, 0.1667, 0.0], 'queue_length': [True, -0.25, 0], 'wait_time': [True, -0.25, 0.0], 'duration': [False, 1, 0], 'partial_duration': [False, 1, 0], 'num_of_vehicles_left': [True, 1, 0], 'duration_of_vehicles_left': [True, 1, 0], 'num_of_vehicles_in_system': [False, 0, 10], 'num_of_vehicles_at_entering': [False, 0, 0]}"
,"{'delay': [True, -0.25, 1.0], 'flickering': [True, -5, 0], 'emergency': [False, 0.1667, 0.1], 'queue_length': [True, -0.25, 1], 'wait_time': [True, -0.25, 0.0], 'duration': [False, 1, 0], 'partial_duration': [False, 1, 0], 'num_of_vehicles_left': [True, 1, 0], 'duration_of_vehicles_left': [True, 1, 0], 'num_of_vehicles_in_system': [False, 0, 11], 'num_of_vehicles_at_entering': [False, 0, 1]}"
,"{'delay': [True, -0.25, 0.8756268889025722], 'flickering': [True, -5, 0], 'emergency': [False, 0.1667, 0.0], 'queue_length': [True, -0.25, 0], 'wait_time': [True, -0.25, 0.0], 'duration': [False, 1, 0.016666666666666666], 'partial_duration': [False, 1, 0.016666666666666666], 'num_of_vehicles_left': [True, 1, 0], 'duration_of_vehicles_left': [True, 1, 0], 'num_of_vehicles_in_system': [False, 0, 11], 'num_of_vehicles_at_entering': [False, 0, 1]}"
,"{'delay': [True, -0.25, 0.7673213833546074], 'flickering': [True, -5, 0], 'emergency': [False, 0.1667, 0.0], 'queue_length': [True, -0.25, 0], 'wait_time': [True, -0.25, 0.0], 'duration': [False, 1, 0.03333333333333333], 'partial_duration': [False, 1, 0.03333333333333333], 'num_of_vehicles_left': [True, 1, 0], 'duration_of_vehicles_left': [True, 1, 0], 'num_of_vehicles_in_system': [False, 0, 11], 'num_of_vehicles_at_entering': [False, 0, 1]}"
,"{'delay': [True, -0.25, 0.0], 'flickering': [True, -5, 1], 'emergency': [False, 0.1667, 0.09090909090909091], 'queue_length': [True, -0.25, 0], 'wait_time': [True, -0.25, 0.0], 'duration': [False, 1, 0], 'partial_duration': [False, 1, 0], 'num_of_vehicles_left': [True, 1, 1], 'duration_of_vehicles_left': [True, 1, 0.05], 'num_of_vehicles_in_system': [False, 0, 11], 'num_of_vehicles_at_entering': [False, 0, 0]}"
,"{'delay': [True, -0.25, 0.0], 'flickering': [True, -5, 0], 'emergency': [False, 0.1667, 0.0], 'queue_length': [True, -0.25, 0], 'wait_time': [True, -0.25, 0.0], 'duration': [False, 1, 0], 'partial_duration': [False, 1, 0], 'num_of_vehicles_left': [True, 1, 1], 'duration_of_vehicles_left': [True, 1, 0.016666666666666666], 'num_of_vehicles_in_system': [False, 0, 11], 'num_of_vehicles_at_entering': [False, 0, 0]}"
,"{'delay': [True, -0.25, 0.0], 'flickering': [True, -5, 0], 'emergency': [False, 0.1667, 0.0], 'queue_length': [True, -0.25, 0], 'wait_time': [True, -0.25, 0.0], 'duration': [False, 1, 0], 'partial_duration': [False, 1, 0], 'num_of_vehicles_left': [True, 1, 0], 'duration_of_vehicles_left': [True, 1, 0], 'num_of_vehicles_in_system': [False, 0, 11], 'num_of_vehicles_at_entering': [False, 0, 0]}"
,"{'delay': [True, -0.25, 0.0], 'flickering': [True, -5, 0], 'emergency': [False, 0.1667, 0.0], 'queue_length': [True, -0.25, 0], 'wait_time': [True, -0.25, 0.0], 'duration': [False, 1, 0], 'partial_duration': [False, 1, 0], 'num_of_vehicles_left': [True, 1, 0], 'duration_of_vehicles_left': [True, 1, 0], 'num_of_vehicles_in_system': [False, 0, 11], 'num_of_vehicles_at_entering': [False, 0, 0]}"
,"{'delay': [True, -0.25, 0.0], 'flickering': [True, -5, 0], 'emergency': [False, 0.1667, 0.09090909090909091], 'queue_length': [True, -0.25, 0], 'wait_time': [True, -0.25, 0.0], 'duration': [False, 1, 0], 'partial_duration': [False, 1, 0], 'num_of_vehicles_left': [True, 1, 0], 'duration_of_vehicles_left': [True, 1, 0], 'num_of_vehicles_in_system': [False, 0, 12], 'num_of_vehicles_at_entering': [False, 0, 0]}"
,"{'delay': [True, -0.25, 0.0], 'flickering': [True, -5, 0], 'emergency': [False, 0.1667, 0.0], 'queue_length': [True, -0.25, 0], 'wait_time': [True, -0.25, 0.0], 'duration': [False, 1, 0], 'partial_duration': [False, 1, 0], 'num_of_vehicles_left': [True, 1, 1], 'duration_of_vehicles_left': [True, 1, 0.016666666666666666], 'num_of_vehicles_in_system': [False, 0, 12], 'num_of_vehicles_at_entering': [False, 0, 0]}"
,"{'delay': [True, -0.25, 0.0], 'flickering': [True, -5, 0], 'emergency': [False, 0.1667, 0.0], 'queue_length': [True, -0.25, 0], 'wait_time': [True, -0.25, 0.0], 'duration': [False, 1, 0], 'partial_duration': [False, 1, 0], 'num_of_vehicles_left': [True, 1, 0], 'duration_of_vehicles_left': [True, 1, 0], 'num_of_vehicles_in_system': [False, 0, 12], 'num_of_vehicles_at_entering': [False, 0, 0]}"
,"{'delay': [True, -0.25, 0.0], 'flickering': [True, -5, 1], 'emergency': [False, 0.1667, 0.0], 'queue_length': [True, -0.25, 0], 'wait_time': [True, -0.25, 0.0], 'duration': [False, 1, 0], 'partial_duration': [False, 1, 0], 'num_of_vehicles_left': [True, 1, 0], 'duration_of_vehicles_left': [True, 1, 0], 'num_of_vehicles_in_system': [False, 0, 12], 'num_of_vehicles_at_entering': [False, 0, 0]}"
,"{'delay': [True, -0.25, 0.3623831142239604], 'flickering': [True, -5, 0], 'emergency': [False, 0.1667, 0.0], 'queue_length': [True, -0.25, 0], 'wait_time': [True, -0.25, 0.0], 'duration': [False, 1, 0.06666666666666667], 'partial_duration': [False, 1, 0.06666666666666667], 'num_of_vehicles_left': [True, 1, 0], 'duration_of_vehicles_left': [True, 1, 0], 'num_of_vehicles_in_system': [False, 0, 12], 'num_of_vehicles_at_entering': [False, 0, 1]}"
,"{'delay': [True, -0.25, 0.40569045571612583], 'flickering': [True, -5, 0], 'emergency': [False, 0.1667, 0.16666666666666666], 'queue_length': [True, -0.25, 0], 'wait_time': [True, -0.25, 0.0], 'duration': [False, 1, 0.08333333333333333], 'partial_duration': [False, 1, 0.08333333333333333], 'num_of_vehicles_left': [True, 1, 0], 'duration_of_vehicles_left': [True, 1, 0], 'num_of_vehicles_in_system': [False, 0, 14], 'num_of_vehicles_at_entering': [False, 0, 1]}"
,"{'delay': [True, -0.25, 0.6813575636922916], 'flickering': [True, -5, 0], 'emergency': [False, 0.1667, 0.0], 'queue_length': [True, -0.25, 0], 'wait_time': [True, -0.25, 0.0], 'duration': [False, 1, 0.1], 'partial_duration': [False, 1, 0.1], 'num_of_vehicles_left': [True, 1, 2], 'duration_of_vehicles_left': [True, 1, 0.03333333333333333], 'num_of_vehicles_in_system': [False, 0, 14], 'num_of_vehicles_at_entering': [False, 0, 1]}"
,"{'delay': [True, -0.25, 0.9380377185804618], 'flickering': [True, -5, 0], 'emergency': [False, 0.1667, 0.0], 'queue_length': [True, -0.25, 0], 'wait_time': [True, -0.25, 0.0], 'duration': [False, 1, 0.11666666666666667], 'partial_duration': [False, 1, 0.11666666666666667], 'num_of_vehicles_left': [True, 1, 0], 'duration_of_vehicles_left': [True, 1, 0], 'num_of_vehicles_in_system': [False, 0, 13], 'num_of_vehicles_at_entering': [False, 0, 1]}"
,"{'delay': [True, -0.25, 0.9968815830280444], 'flickering': [True, -5, 0], 'emergency': [False, 0.1667, 0.0], 'queue_length': [True, -0.25, 1], 'wait_time': [True, -0.25, 0.016666666666666666], 'duration': [False, 1, 0.13333333333333333], 'partial_duration': [False, 1, 0.13333333333333333], 'num_of_vehicles_left': [True, 1, 0], 'duration_of_vehicles_left': [True, 1, 0], 'num_of_vehicles_in_system': [False, 0, 13], 'num_of_vehicles_at_entering': [False, 0, 1]}"
,"{'delay': [True, -0.25, 0.9999237339496032], 'flickering': [True, -5, 0], 'emergency': [False, 0.1667, 0.0], 'queue_length': [True, -0.25, 1], 'wait_time': [True, -0.25, 0.03333333333333333], 'duration': [False, 1, 0.15], 'partial_duration': [False, 1, 0.15], 'num_of_vehicles_left': [True, 1, 0], 'duration_of_vehicles_left': [True, 1, 0], 'num_of_vehicles_in_system': [False, 0, 13], 'num_of_vehicles_at_entering': [False, 0, 1]}"
,"{'delay': [True, -0.25, 0.9999633220775581], 'flickering': [True, -5, 0], 'emergency': [False, 0.1667, 0.0], 'queue_length': [True, -0.25, 1], 'wait_time': [True, -0.25, 0.05], 'duration': [False, 1, 0.16666666666666666], 'partial_duration': [False, 1, 0.16666666666666666], 'num_of_vehicles_left': [True, 1, 0], 'duration_of_vehicles_left': [True, 1, 0], 'num_of_vehicles_in_system': [False, 0, 13], 'num_of_vehicles_at_entering': [False, 0, 1]}"
,"{'delay': [True, -0.25, 1.0], 'flickering': [True, -5, 0], 'emergency': [False, 0.1667, 0.07692307692307693], 'queue_length': [True, -0.25, 1], 'wait_time': [True, -0.25, 0.06666666666666667], 'duration': [False, 1, 0.18333333333333332], 'partial_duration': [False, 1, 0.18333333333333332], 'num_of_vehicles_left': [True, 1, 0], 'duration_of_vehicles_left': [True, 1, 0], 'num_of_vehicles_in_system': [False, 0, 14], 'num_of_vehicles_at_entering': [False, 0, 1]}"
,"{'delay': [True, -0.25, 1.0], 'flickering': [True, -5, 0], 'emergency': [False, 0.1667, 0.0], 'queue_length': [True, -0.25, 1], 'wait_time': [True, -0.25, 0.08333333333333333], 'duration': [False, 1, 0.2], 'partial_duration': [False, 1, 0.2], 'num_of_vehicles_left': [True, 1, 1], 'duration_of_vehicles_left': [True, 1, 0.016666666666666666], 'num_of_vehicles_in_system': [False, 0, 14], 'num_of_vehicles_at_entering': [False, 0, 1]}"
,"{'delay': [True, -0.25, 1.0], 'flickering': [True, -5, 0], 'emergency': [False, 0.1667, 0.07142857142857142], 'queue_length': [True, -0.25, 1], 'wait_time': [True, -0.25, 0.1], 'duration': [False, 1, 0.21666666666666667], 'partial_duration': [False, 1, 0.21666666666666667], 'num_of_vehicles_left': [True, 1, 0], 'duration_of_vehicles_left': [True, 1, 0], 'num_of_vehicles_in_system': [False, 0, 15], 'num_of_vehicles_at_entering': [False, 0, 1]}"
,"{'delay': [True, -0.25, 1.0], 'flickering': [True, -5, 1], 'emergency': [False, 0.1667, 0.0], 'queue_length': [True, -0.25, 1], 'wait_time': [True, -0.25, 0.11666666666666667], 'duration': [False, 1, 0.23333333333333334], 'partial_duration': [False, 1, 0.23333333333333334], 'num_of_vehicles_left': [True, 1, 1], 'duration_of_vehicles_left': [True, 1, 0.016666666666666666], 'num_of_vehicles_in_system': [False, 0, 15], 'num_of_vehicles_at_entering': [False, 0, 1]}"
,"{'delay': [True, -0.25, 1.0], 'flickering': [True, -5, 0], 'emergency': [False, 0.1667, 0.0], 'queue_length': [True, -0.25, 1], 'wait_time': [True, -0.25, 0.13333333333333333], 'duration': [False, 1, 0.25], 'partial_duration': [False, 1, 0.25], 'num_of_vehicles_left': [True, 1, 0], 'duration_of_vehicles_left': [True, 1, 0], 'num_of_vehicles_in_system': [False, 0, 15], 'num_of_vehicles_at_entering': [False, 0, 1]}"
,"{'delay': [True, -0.25, 1.0], 'flickering': [True, -5, 0], 'emergency': [False, 0.1667, 0.06666666666666667], 'queue_length': [True, -0.25, 1], 'wait_time': [True, -0.25, 0.15], 'duration': [False, 1, 0.26666666666666666], 'partial_duration': [False, 1, 0.26666666666666666], 'num_of_vehicles_left': [True, 1, 0], 'duration_of_vehicles_left': [True, 1, 0], 'num_of_vehicles_in_system': [False, 0, 16], 'num_of_vehicles_at_entering': [False, 0, 1]}"
,"{'delay': [True, -0.25, 1.0], 'flickering': [True, -5, 0], 'emergency': [False, 0.1667, 0.0625], 'queue_length': [True, -0.25, 1], 'wait_time': [True, -0.25, 0.16666666666666666], 'duration': [False, 1, 0.2833333333333333], 'partial_duration': [False, 1, 0.2833333333333333], 'num_of_vehicles_left': [True, 1, 1], 'duration_of_vehicles_left': [True, 1, 0.016666666666666666], 'num_of_vehicles_in_system': [False, 0, 17], 'num_of_vehicles_at_entering': [False, 0, 1]}"
,"{'delay': [True, -0.25, 1.0], 'flickering': [True, -5, 0], 'emergency': [False, 0.1667, 0.0], 'queue_length': [True, -0.25, 1], 'wait_time': [True, -0.25, 0.18333333333333332], 'duration': [False, 1, 0.3], 'partial_duration': [False, 1, 0.3], 'num_of_vehicles_left': [True, 1, 1], 'duration_of_vehicles_left': [True, 1, 0.016666666666666666], 'num_of_vehicles_in_system': [False, 0, 17], 'num_of_vehicles_at_entering': [False, 0, 1]}"
,"{'delay': [True, -0.25, 1.0], 'flickering': [True, -5, 0], 'emergency': [False, 0.1667, 0.058823529411764705], 'queue_length': [True, -0.25, 1], 'wait_time': [True, -0.25, 0.2], 'duration': [False, 1, 0.31666666666666665], 'partial_duration': [False, 1, 0.31666666666666665], 'num_of_vehicles_left': [True, 1, 0], 'duration_of_vehicles_left': [True, 1, 0], 'num_of_vehicles_in_system': [False, 0, 18], 'num_of_vehicles_at_entering': [False, 0, 1]}"
,"{'delay': [True, -0.25, 2.0], 'flickering': [True, -5, 0], 'emergency': [False, 0.1667, 0.05555555555555555], 'queue_length': [True, -0.25, 2], 'wait_time': [True, -0.25, 0.21666666666666667], 'duration': [False, 1, 0.3333333333333333], 'partial_duration': [False, 1, 0.3333333333333333], 'num_of_vehicles_left': [True, 1, 1], 'duration_of_vehicles_left': [True, 1, 0.016666666666666666], 'num_of_vehicles_in_system': [False, 0, 19], 'num_of_vehicles_at_entering': [False, 0, 2]}"
,"{'delay': [True, -0.25, 1.6189292303790306], 'flickering': [True, -5, 0], 'emergency': [False, 0.1667, 0.0], 'queue_length': [True, -0.25, 1], 'wait_time': [True, -0.25, 0.23333333333333334], 'duration': [False, 1, 0.5333333333333333], 'partial_duration': [False, 1, 0.5333333333333333], 'num_of_vehicles_left': [True, 1, 0], 'duration_of_vehicles_left': [True, 1, 0], 'num_of_vehicles_in_system': [False, 0, 19], 'num_of_vehicles_at_entering': [False, 0, 3]}"
,"{'delay': [True, -0.25, 0.9450113426100194], 'flickering': [True, -5, 0], 'emergency': [False, 0.1667, 0.0], 'queue_length': [True, -0.25, 1], 'wait_time': [True, -0.25, 0.25], 'duration': [False, 1, 0.5499999999999999], 'partial_duration': [False, 1, 0.5499999999999999], 'num_of_vehicles_left': [True, 1, 1], 'duration_of_vehicles_left': [True, 1, 0.03333333333333333], 'num_of_vehicles_in_system': [False, 0, 19], 'num_of_vehicles_at_entering': [False, 0, 2]}"
,"{'delay': [True, -0.25, 1.9698348934613978], 'flickering': [True, -5, 0], 'emergency': [False, 0.1667, 0.05263157894736842], 'queue_length': [True, -0.25, 2], 'wait_time': [True, -0.25, 0.26666666666666666], 'duration': [False, 1, 0.5833333333333334], 'partial_duration': [False, 1, 0.5833333333333334], 'num_of_vehicles_left': [True, 1, 0], 'duration_of_vehicles_left': [True, 1, 0], 'num_of_vehicles_in_system': [False, 0, 20], 'num_of_vehicles_at_entering': [False, 0, 3]}"
,"{'delay': [True, -0.25, 1.8376174776213317], 'flickering': [True, -5, 0], 'emergency': [False, 0.1667, 0.05], 'queue_length': [True, -0.25, 2], 'wait_time': [True, -0.25, 0.3], 'duration': [False, 1, 0.6333333333333333], 'partial_duration': [False, 1, 0.6333333333333333], 'num_of_vehicles_left': [True, 1, 0], 'duration_of_vehicles_left': [True, 1, 0], 'num_of_vehicles_in_system': [False, 0, 21], 'num_of_vehicles_at_entering': [False, 0, 3]}"
,"{'delay': [True, -0.25, 1.722190530464607], 'flickering': [True, -5, 1], 'emergency': [False, 0.1667, 0.0], 'queue_length': [True, -0.25, 2], 'wait_time': [True, -0.25, 0.3333333333333333], 'duration': [False, 1, 0.6833333333333333], 'partial_duration': [False, 1, 0.6833333333333333], 'num_of_vehicles_left': [True, 1, 1], 'duration_of_vehicles_left': [True, 1, 0.016666666666666666], 'num_of_vehicles_in_system': [False, 0, 21], 'num_of_vehicles_at_entering': [False, 0, 3]}"
,"{'delay': [True, -0.25, 1.614076339540714], 'flickering': [True, -5, 0], 'emergency': [False, 0.1667, 0.047619047619047616], 'queue_length': [True, -0.25, 2], 'wait_time': [True, -0.25, 0.36666666666666664], 'duration': [False, 1, 0.7333333333333334], 'partial_duration': [False, 1, 0.7333333333333334], 'num_of_vehicles_left': [True, 1, 0], 'duration_of_vehicles_left': [True, 1, 0], 'num_of_vehicles_in_system': [False, 0, 22], 'num_of_vehicles_at_entering': [False, 0, 3]}"
,"{'delay': [True, -0.25, 1.6509227770532684], 'flickering': [True, -5, 0], 'emergency': [False, 0.1667, 0.0], 'queue_length': [True, -0.25, 2], 'wait_time': [True, -0.25, 0.4], 'duration': [False, 1, 0.95], 'partial_duration': [False, 1, 0.95], 'num_of_vehicles_left': [True, 1, 1], 'duration_of_vehicles_left': [True, 1, 0.016666666666666666], 'num_of_vehicles_in_system': [False, 0, 22], 'num_of_vehicles_at_entering': [False, 0, 4]}"
,"{'delay': [True, -0.25, 2.857292463348574], 'flickering': [True, -5, 0], 'emergency': [False, 0.1667, 0.045454545454545456], 'queue_length': [True, -0.25, 3], 'wait_time': [True, -0.25, 0.43333333333333335], 'duration': [False, 1, 1.0166666666666666], 'partial_duration': [False, 1, 1.0166666666666666], 'num_of_vehicles_left': [True, 1, 0], 'duration_of_vehicles_left': [True, 1, 0], 'num_of_vehicles_in_system': [False, 0, 23], 'num_of_vehicles_at_entering': [False, 0, 5]}"
,"{'delay': [True, -0.25, 2.577537100810084], 'flickering': [True, -5, 0], 'emergency': [False, 0.1667, 0.043478260869565216], 'queue_length': [True, -0.25, 2], 'wait_time': [True, -0.25, 0.4666666666666667], 'duration': [False, 1, 1.0], 'partial_duration': [False, 1, 1.0], 'num_of_vehicles_left': [True, 1, 1], 'duration_of_vehicles_left': [True, 1, 0.1], 'num_of_vehicles_in_system': [False, 0, 22], 'num_of_vehicles_at_entering': [False, 0, 4]}"
,"{'delay': [True, -0.25, 2.7121996850533967], 'flickering': [True, -5, 0], 'emergency': [False, 0.1667, 0.0], 'queue_length': [True, -0.25, 2], 'wait_time': [True, -0.25, 0.5], 'duration': [False, 1, 1.0666666666666667], 'partial_duration': [False, 1, 1.0666666666666667], 'num_of_vehicles_left': [True, 1, 1], 'duration_of_vehicles_left': [True, 1, 0.016666666666666666], 'num_of_vehicles_in_system': [False, 0, 22], 'num_of_vehicles_at_entering': [False, 0, 4]}"
,"{'delay': [True, -0.25, 2.606638080791333], 'flickering': [True, -5, 0], 'emergency': [False, 0.1667, 0.0], 'queue_length': [True, -0.25, 2], 'wait_time': [True, -0.25, 0.5333333333333333], 'duration': [False, 1, 1.1333333333333335], 'partial_duration': [False, 1, 1.1333333333333335], 'num_of_vehicles_left': [True, 1, 0], 'duration_of_vehicles_left': [True, 1, 0], 'num_of_vehicles_in_system': [False, 0, 22], 'num_of_vehicles_at_entering': [False, 0, 4]}"
,"{'delay': [True, -0.25, 2.4886454004583087], 'flickering': [True, -5, 0], 'emergency': [False, 0.1667, 0.0], 'queue_length': [True, -0.25, 3], 'wait_time': [True, -0.25, 0.5833333333333334], 'duration': [False, 1, 1.2], 'partial_duration': [False, 1, 1.2], 'num_of_vehicles_left': [True, 1, 0], 'duration_of_vehicles_left': [True, 1, 0], 'num_of_vehicles_in_system': [False, 0, 22], 'num_of_vehicles_at_entering': [False, 0, 4]}"
,"{'delay': [True, -0.25, 3.3641255727261052], 'flickering': [True, -5, 0], 'emergency': [False, 0.1667, 0.045454545454545456], 'queue_length': [True, -0.25, 4], 'wait_time': [True, -0.25, 0.6333333333333333], 'duration': [False, 1, 1.2666666666666666], 'partial_duration': [False, 1, 1.2666666666666666], 'num_of_vehicles_left': [True, 1, 0], 'duration_of_vehicles_left': [True, 1, 0], 'num_of_vehicles_in_system': [False, 0, 23], 'num_of_vehicles_at_entering': [False, 0, 5]}"
,"{'delay': [True, -0.25, 3.3152599098771294], 'flickering': [True, -5, 0], 'emergency': [False, 0.1667, 0.0], 'queue_length': [True, -0.25, 3], 'wait_time': [True, -0.25, 0.6833333333333333], 'duration': [False, 1, 1.35], 'partial_duration': [False, 1, 1.35], 'num_of_vehicles_left': [True, 1, 0], 'duration_of_vehicles_left': [True, 1, 0], 'num_of_vehicles_in_system': [False, 0, 23], 'num_of_vehicles_at_entering': [False, 0, 5]}"
,"{'delay': [True, -0.25, 3.792868500847112], 'flickering': [True, -5, 0], 'emergency': [False, 0.1667, 0.0], 'queue_length': [True, -0.25, 4], 'wait_time': [True, -0.25, 0.75], 'duration': [False, 1, 1.4333333333333336], 'partial_duration': [False, 1, 1.4333333333333336], 'num_of_vehicles_left': [True, 1, 0], 'duration_of_vehicles_left': [True, 1, 0], 'num_of_vehicles_in_system': [False, 0, 23], 'num_of_vehicles_at_entering': [False, 0, 5]}"
,"{'delay': [True, -0.25, 3.9649808700759435], 'flickering': [True, -5, 1], 'emergency': [False, 0.1667, 0.0], 'queue_length': [True, -0.25, 4], 'wait_time': [True, -0.25, 0.8166666666666667], 'duration': [False, 1, 1.5166666666666666], 'partial_duration': [False, 1, 1.5166666666666666], 'num_of_vehicles_left': [True, 1, 0], 'duration_of_vehicles_left': [True, 1, 0], 'num_of_vehicles_in_system': [False, 0, 22], 'num_of_vehicles_at_entering': [False, 0, 5]}"
,"{'delay': [True, -0.25, 3.9960013228685183], 'flickering': [True, -5, 0], 'emergency': [False, 0.1667, 0.0], 'queue_length': [True, -0.25, 5], 'wait_time': [True, -0.25, 0.9], 'duration': [False, 1, 1.5999999999999999], 'partial_duration': [False, 1, 1.5999999999999999], 'num_of_vehicles_left': [True, 1, 0], 'duration_of_vehicles_left': [True, 1, 0], 'num_of_vehicles_in_system': [False, 0, 22], 'num_of_vehicles_at_entering': [False, 0, 5]}"
,"{'delay': [True, -0.25, 3.9998092252697246], 'flickering': [True, -5, 0], 'emergency': [False, 0.1667, 0.0], 'queue_length': [True, -0.25, 5], 'wait_time': [True, -0.25, 0.9833333333333334], 'duration': [False, 1, 1.6833333333333333], 'partial_duration': [False, 1, 1.6833333333333333], 'num_of_vehicles_left': [True, 1, 0], 'duration_of_vehicles_left': [True, 1, 0], 'num_of_vehicles_in_system': [False, 0, 21], 'num_of_vehicles_at_entering': [False, 0, 5]}"
,"{'delay': [True, -0.25, 3.9999698944567816], 'flickering': [True, -5, 0], 'emergency': [False, 0.1667, 0.0], 'queue_length': [True, -0.25, 5], 'wait_time': [True, -0.25, 1.0666666666666667], 'duration': [False, 1, 1.7666666666666668], 'partial_duration': [False, 1, 1.7666666666666668], 'num_of_vehicles_left': [True, 1, 0], 'duration_of_vehicles_left': [True, 1, 0], 'num_of_vehicles_in_system': [False, 0, 21], 'num_of_vehicles_at_entering': [False, 0, 5]}"
,"{'delay': [True, -0.25, 3.999981713108467], 'flickering': [True, -5, 0], 'emergency': [False, 0.1667, 0.047619047619047616], 'queue_length': [True, -0.25, 5], 'wait_time': [True, -0.25, 1.1500000000000001], 'duration': [False, 1, 1.8499999999999999], 'partial_duration': [False, 1, 1.8499999999999999], 'num_of_vehicles_left': [True, 1, 0], 'duration_of_vehicles_left': [True, 1, 0], 'num_of_vehicles_in_system': [False, 0, 22], 'num_of_vehicles_at_entering': [False, 0, 5]}"
,"{'delay': [True, -0.25, 3.9999888304151625], 'flickering': [True, -5, 0], 'emergency': [False, 0.1667, 0.0], 'queue_length': [True, -0.25, 5], 'wait_time': [True, -0.25, 1.2333333333333332], 'duration': [False, 1, 1.9333333333333331], 'partial_duration': [False, 1, 1.9333333333333331], 'num_of_vehicles_left': [True, 1, 1], 'duration_of_vehicles_left': [True, 1, 0.016666666666666666], 'num_of_vehicles_in_system': [False, 0, 22], 'num_of_vehicles_at_entering': [False, 0, 5]}"
